{"cameraMode":{"drawMode":0,"name":"Shaded","section":"Shading Mode"},"sceneLighting":false,"audioPlay":false,"sceneViewState":{"m_AlwaysRefresh":false,"showFog":true,"showSkybox":false,"showFlares":true,"showImageEffects":true,"showParticleSystems":true,"showVisualEffectGraphs":true,"m_FxEnabled":true},"in2DMode":false,"pivot":{"x":0.26285436749458315,"y":1.0390689373016358,"z":-0.5727745294570923},"rotation":{"x":0.002685912186279893,"y":0.9843674302101135,"z":-0.01507154293358326,"w":0.17546731233596803},"size":1.3717643022537232,"orthographic":false}