{"cameraMode":{"drawMode":0,"name":"Shaded","section":"Shading Mode"},"sceneLighting":true,"audioPlay":false,"sceneViewState":{"m_AlwaysRefresh":false,"showFog":true,"showSkybox":true,"showFlares":true,"showImageEffects":true,"showParticleSystems":true,"showVisualEffectGraphs":true,"m_FxEnabled":false},"in2DMode":false,"pivot":{"x":-6.1891984939575199,"y":-2.4871976375579836,"z":-4.140524387359619},"rotation":{"x":0.06129785254597664,"y":-0.9385427236557007,"z":0.24917185306549073,"w":0.23091274499893189},"size":4.824745178222656,"orthographic":false}